No, 授業形態, 大分類, 中分類, 小分類, 科目名, 科目名(新を除く), 配本名, 期No, 群, 単位数, レポ提出
18790, テキスト, 総合教育科目, 3分野科目, 人文科学分野, 哲学, 哲学, Ⅱ, 3, E, 4, WEB可
18791, テキスト, 総合教育科目, 3分野科目, 人文科学分野, 新・論理学（Ａ）, 論理学（Ａ）, Ⅰ, 1, B, 4, WEB可
20411, テキスト, 総合教育科目, 3分野科目, 人文科学分野, 文学, 文学, Ⅱ, 3, D, 4, WEB可
18797, テキスト, 総合教育科目, 3分野科目, 人文科学分野, 歴史（日本史）, 歴史（日本史）, Ⅰ, 1, A, 2, 手書き
18798, テキスト, 総合教育科目, 3分野科目, 人文科学分野, 歴史（東洋史）, 歴史（東洋史）, Ⅰ, 1, C, 2, WEB可
18799, テキスト, 総合教育科目, 3分野科目, 人文科学分野, 歴史（西洋史）, 歴史（西洋史）, Ⅰ, 1, E, 2, WEB可
18800, テキスト, 総合教育科目, 3分野科目, 社会科学分野, 法学（憲法を含む）, 法学（憲法を含む）, Ⅰ, 1, A, 4, 郵送
18801, テキスト, 総合教育科目, 3分野科目, 社会科学分野, 政治学（Ａ）, 政治学（Ａ）, Ⅰ, 1, E, 4, WEB可
18802, テキスト, 総合教育科目, 3分野科目, 社会科学分野, 経済学, 経済学, Ⅰ, 1, A, 4, WEB可
18803, テキスト, 総合教育科目, 3分野科目, 社会科学分野, 社会学, 社会学, Ⅱ, 3, C, 4, WEB可
18804, テキスト, 総合教育科目, 3分野科目, 自然科学分野, 統計学（Ａ）, 統計学（Ａ）, Ⅰ, 1, D, 4, 手書き
18805, テキスト, 総合教育科目, 3分野科目, 自然科学分野, 数学（基礎）, 数学（基礎）, Ⅱ, 3, D, 2, 手書き
18806, テキスト, 総合教育科目, 3分野科目, 自然科学分野, 数学（微分・積分）, 数学（微分・積分）, Ⅱ, 3, F, 2, 手書き
18807, テキスト, 総合教育科目, 3分野科目, 自然科学分野, 数学（線形数学）, 数学（線形数学）, Ⅱ, 3, C, 2, 手書き
18808, テキスト, 総合教育科目, 3分野科目, 自然科学分野, 地学, 地学, Ⅰ, 1, C, 4, 手書き
18809, テキスト, 総合教育科目, 3分野科目, 自然科学分野, 物理学, 物理学, Ⅰ, 1, A, 4, WEB可
18810, テキスト, 総合教育科目, 3分野科目, 自然科学分野, 化学, 化学, Ⅰ, 1, A, 4, WEB可
18811, テキスト, 総合教育科目, 3分野科目, 自然科学分野, 生物学, 生物学, Ⅰ, 1, A, 4, WEB可
18812, テキスト, 総合教育科目, 外国語科目, 英語, 英語Ⅰ, 英語Ⅰ, Ⅰ, 1, D, 2, 郵送
18813, テキスト, 総合教育科目, 外国語科目, 英語, 英語Ⅱ, 英語Ⅱ, Ⅰ, 1, B, 2, 郵送
18814, テキスト, 総合教育科目, 外国語科目, 英語, 英語Ⅲ, 英語Ⅲ, Ⅱ, 3, F, 2, WEB可
18815, テキスト, 総合教育科目, 外国語科目, 英語, 英語Ⅶ, 英語Ⅶ, Ⅱ, 3, E, 2, WEB可
18816, テキスト, 総合教育科目, 外国語科目, ドイツ語, ドイツ語第一部, ドイツ語第一部, Ⅰ, 1, B, 2, 手書き
18817, テキスト, 総合教育科目, 外国語科目, ドイツ語, ドイツ語第二部, ドイツ語第二部, Ⅰ, 1, D, 2, WEB可
18818, テキスト, 総合教育科目, 外国語科目, ドイツ語, ドイツ語第三部, ドイツ語第三部, Ⅱ, 3, F, 2, WEB可
18819, テキスト, 総合教育科目, 外国語科目, ドイツ語, ドイツ語第四部, ドイツ語第四部, Ⅱ, 3, E, 2, WEB可
18820, テキスト, 総合教育科目, 外国語科目, フランス語, フランス語第一部, フランス語第一部, Ⅰ, 1, B, 2, 手書き
18821, テキスト, 総合教育科目, 外国語科目, フランス語, フランス語第二部, フランス語第二部, Ⅰ, 1, D, 2, WEB可
18822, テキスト, 総合教育科目, 外国語科目, フランス語, フランス語第三部, フランス語第三部, Ⅱ, 3, F, 2, WEB可
18823, テキスト, 総合教育科目, 外国語科目, フランス語, フランス語第四部, フランス語第四部, Ⅱ, 3, E, 2, WEB可
18824, テキスト, 総合教育科目, 保健体育科目, , 新・保健衛生, 保健衛生, Ⅰ, 1, F, 2, 手書き
18825, テキスト, 総合教育科目, 保健体育科目, , 体育理論, 体育理論, Ⅰ, 1, C, 2, WEB可
18826, テキスト, 文学部専門教育科目, 第1類, , 西洋哲学史Ⅰ, 西洋哲学史Ⅰ, Ⅲ①, 5, B, 4, WEB可
18827, テキスト, 文学部専門教育科目, 第1類, , 西洋哲学史Ⅱ, 西洋哲学史Ⅱ, Ⅳ②, 8, F, 3, WEB可
18828, テキスト, 文学部専門教育科目, 第1類, , 論理学（Ｌ）, 論理学（Ｌ）, Ⅲ②, 6, C, 2, WEB可
18829, テキスト, 文学部専門教育科目, 第1類, , 科学哲学, 科学哲学, Ⅲ①, 5, C, 4, WEB可
18830, テキスト, 文学部専門教育科目, 第1類, , 倫理学, 倫理学, Ⅲ②, 6, A, 2, WEB可
18831, テキスト, 文学部専門教育科目, 第1類, , 現代倫理学の諸問題, 現代倫理学の諸問題, Ⅳ①, 7, D, 4, WEB可
18832, テキスト, 文学部専門教育科目, 第1類, , 日本美術史Ⅰ, 日本美術史Ⅰ, Ⅳ②, 8, C, 2, WEB可
18833, テキスト, 文学部専門教育科目, 第1類, , メディア社会心理学, メディア社会心理学, Ⅲ②, 6, A, 2, WEB可
18834, テキスト, 文学部専門教育科目, 第1類, , 社会心理学, 社会心理学, Ⅳ②, 8, F, 2, WEB可
18835, テキスト, 文学部専門教育科目, 第1類, , 都市社会学（Ｌ）, 都市社会学（Ｌ）, Ⅳ①, 7, E, 2, WEB可
18836, テキスト, 文学部専門教育科目, 第1類, , 心理学Ａ, 心理学Ａ, Ⅲ①, 5, E, 2, WEB可
18837, テキスト, 文学部専門教育科目, 第1類, , 心理学Ｂ, 心理学Ｂ, Ⅲ①, 5, B, 2, WEB可
18838, テキスト, 文学部専門教育科目, 第1類, , 教育学, 教育学, Ⅲ①, 5, C, 3, WEB可
18839, テキスト, 文学部専門教育科目, 第1類, , 教育心理学, 教育心理学, Ⅳ①, 7, E, 2, WEB可
18840, テキスト, 文学部専門教育科目, 第1類, , 教育史, 教育史, Ⅳ①, 7, D, 4, WEB可
18841, テキスト, 文学部専門教育科目, 第1類, , 教育思想史, 教育思想史, Ⅲ②, 6, A, 4, WEB可
18842, テキスト, 文学部専門教育科目, 第1類, , 教育社会学, 教育社会学, Ⅳ①, 7, F, 2, WEB可
18843, テキスト, 文学部専門教育科目, 第1類, , 心理・教育統計学, 心理・教育統計学, Ⅳ②, 8, B, 3, WEB可
18844, テキスト, 文学部専門教育科目, 第1類, , 法学概論（L), 法学概論（L), Ⅱ, 3, D, 2, 郵送
18845, テキスト, 文学部専門教育科目, 第1類, , 社会調査, 社会調査, Ⅲ②, 6, A, 2, WEB可
18846, テキスト, 文学部専門教育科目, 第2類, , 史学概論, 史学概論, Ⅱ, 3, D, 2, WEB可
18847, テキスト, 文学部専門教育科目, 第2類, , 日本史概論, 日本史概論, Ⅱ, 3, C, 2, 手書き
18848, テキスト, 文学部専門教育科目, 第2類, , 日本史概説Ⅰ, 日本史概説Ⅰ, Ⅱ, 3, E, 2, 手書き
18849, テキスト, 文学部専門教育科目, 第2類, , 日本史特殊Ⅰ, 日本史特殊Ⅰ, Ⅳ②, 8, F, 2, WEB可
18850, テキスト, 文学部専門教育科目, 第2類, , 日本史特殊Ⅱ, 日本史特殊Ⅱ, Ⅳ②, 8, F, 2, 郵送
18851, テキスト, 文学部専門教育科目, 第2類, , 日本史特殊Ⅳ, 日本史特殊Ⅳ, Ⅳ②, 8, C, 2, WEB可
18852, テキスト, 文学部専門教育科目, 第2類, , 古文書学, 古文書学, Ⅳ②, 8, C, 2, 手書き
18853, テキスト, 文学部専門教育科目, 第2類, , 世界史概論, 世界史概論, Ⅲ①, 5, C, 2, 郵送
18854, テキスト, 文学部専門教育科目, 第2類, , 東洋史概説Ⅰ, 東洋史概説Ⅰ, Ⅱ, 3, A, 2, WEB可
18855, テキスト, 文学部専門教育科目, 第2類, , 東洋史概説Ⅱ, 東洋史概説Ⅱ, Ⅲ②, 6, E, 2, 郵送
18856, テキスト, 文学部専門教育科目, 第2類, , 東洋史特殊, 東洋史特殊, Ⅳ①, 7, B, 2, WEB可
18857, テキスト, 文学部専門教育科目, 第2類, , 西洋史概説Ⅰ, 西洋史概説Ⅰ, Ⅱ, 3, A, 2, WEB可
18858, テキスト, 文学部専門教育科目, 第2類, , 西洋史概説Ⅱ, 西洋史概説Ⅱ, Ⅲ①, 5, E, 2, 郵送
18859, テキスト, 文学部専門教育科目, 第2類, , 西洋史特殊Ⅰ, 西洋史特殊Ⅰ, Ⅳ①, 7, B, 2, 郵送
18860, テキスト, 文学部専門教育科目, 第2類, , 西洋史特殊Ⅱ, 西洋史特殊Ⅱ, Ⅱ, 3, D, 2, WEB可
18861, テキスト, 文学部専門教育科目, 第2類, , 西洋史特殊Ⅲ, 西洋史特殊Ⅲ, Ⅲ②, 6, A, 2, WEB可
18862, テキスト, 文学部専門教育科目, 第2類, , オリエント考古学, オリエント考古学, Ⅳ①, 7, B, 2, 郵送
18863, テキスト, 文学部専門教育科目, 第2類, , 考古学, 考古学, Ⅳ①, 7, C, 2, WEB可
18864, テキスト, 文学部専門教育科目, 第2類, , 地理学Ⅰ（Ｌ）, 地理学Ⅰ（Ｌ）, Ⅲ①, 5, C, 2, WEB可
18865, テキスト, 文学部専門教育科目, 第2類, , 地理学Ⅱ（Ｌ）, 地理学Ⅱ（Ｌ）, Ⅲ①, 5, E, 2, WEB可
18866, テキスト, 文学部専門教育科目, 第2類, , 人文地理学（Ｌ）, 人文地理学（Ｌ）, Ⅱ, 3, D, 2, WEB可
18867, テキスト, 文学部専門教育科目, 第3類, , 日本語学, 日本語学, Ⅲ①, 5, D, 2, WEB可
18868, テキスト, 文学部専門教育科目, 第3類, , 国語学各論, 国語学各論, Ⅲ②, 6, C, 1, WEB可
18869, テキスト, 文学部専門教育科目, 第3類, , 国文学, 国文学, Ⅱ, 3, C, 4, WEB可
18870, テキスト, 文学部専門教育科目, 第3類, , 国文学史, 国文学史, Ⅲ②, 6, A, 3, WEB可
18871, テキスト, 文学部専門教育科目, 第3類, , 近代日本文学, 近代日本文学, Ⅳ②, 8, B, 3, WEB可
18872, テキスト, 文学部専門教育科目, 第3類, , 国文学古典研究Ⅰ, 国文学古典研究Ⅰ, Ⅳ②, 8, D, 1, 手書き
18873, テキスト, 文学部専門教育科目, 第3類, , 国文学古典研究Ⅱ－１, 国文学古典研究Ⅱ－１, Ⅳ①, 7, E, 1, WEB可
18874, テキスト, 文学部専門教育科目, 第3類, , 国文学古典研究Ⅱ－２, 国文学古典研究Ⅱ－２, Ⅳ①, 7, F, 1, WEB可
18875, テキスト, 文学部専門教育科目, 第3類, , 国文学古典研究Ⅲ, 国文学古典研究Ⅲ, Ⅳ①, 7, A, 1, WEB可
18876, テキスト, 文学部専門教育科目, 第3類, , 国文学古典研究Ⅳ, 国文学古典研究Ⅳ, Ⅲ①, 5, E, 1, WEB可
18877, テキスト, 文学部専門教育科目, 第3類, , 国語国文学古典研究Ⅴ, 国語国文学古典研究Ⅴ, Ⅲ①, 5, D, 2, WEB可
18878, テキスト, 文学部専門教育科目, 第3類, , 書道, 書道, Ⅳ②, 8, D, 2, 手書き
18879, テキスト, 文学部専門教育科目, 第3類, , 中国文学史, 中国文学史, Ⅳ①, 7, C, 2, WEB可
18880, テキスト, 文学部専門教育科目, 第3類, , 漢文学Ⅰ, 漢文学Ⅰ, Ⅳ②, 8, F, 2, WEB可
18881, テキスト, 文学部専門教育科目, 第3類, , 漢文学Ⅱ, 漢文学Ⅱ, Ⅳ②, 8, B, 1, WEB可
18882, テキスト, 文学部専門教育科目, 第3類, , 漢文学Ⅲ, 漢文学Ⅲ, Ⅳ②, 8, D, 1, WEB可
18883, テキスト, 文学部専門教育科目, 第3類, , 現代英語学, 現代英語学, Ⅳ②, 8, A, 3, WEB可
18884, テキスト, 文学部専門教育科目, 第3類, , 英語学概論, 英語学概論, Ⅲ①, 5, B, 3, WEB可
18885, テキスト, 文学部専門教育科目, 第3類, , 英語音声学, 英語音声学, Ⅳ②, 8, C, 2, WEB可
18886, テキスト, 文学部専門教育科目, 第3類, , 英語史, 英語史, Ⅳ②, 8, B, 2, WEB可
18887, テキスト, 文学部専門教育科目, 第3類, , ACADEMIC WRITING Ⅰ, ACADEMIC WRITING Ⅰ, Ⅲ①, 5, A, 2, WEB可
18888, テキスト, 文学部専門教育科目, 第3類, , ACADEMIC WRITING Ⅱ, ACADEMIC WRITING Ⅱ, Ⅳ②, 8, F, 4, WEB可
18889, テキスト, 文学部専門教育科目, 第3類, , 現代英文学, 現代英文学, Ⅲ②, 6, C, 2, WEB可
18890, テキスト, 文学部専門教育科目, 第3類, , 英文学特殊, 英文学特殊, Ⅲ①, 5, E, 2, WEB可
18891, テキスト, 文学部専門教育科目, 第3類, , 中世英文学史, 中世英文学史, Ⅲ①, 5, E, 2, WEB可
18892, テキスト, 文学部専門教育科目, 第3類, , 近世英文学史, 近世英文学史, Ⅱ, 3, F, 2, WEB可
18893, テキスト, 文学部専門教育科目, 第3類, , イギリス文学研究Ⅰ, イギリス文学研究Ⅰ, Ⅲ①, 5, A, 2, WEB可
18894, テキスト, 文学部専門教育科目, 第3類, , イギリス文学研究Ⅱ, イギリス文学研究Ⅱ, Ⅳ②, 8, E, 2, WEB可
18895, テキスト, 文学部専門教育科目, 第3類, , イギリス文学研究Ⅲ, イギリス文学研究Ⅲ, Ⅳ①, 7, A, 2, WEB可
18896, テキスト, 文学部専門教育科目, 第3類, , アメリカ文学, アメリカ文学, Ⅲ②, 6, D, 2, WEB可
18897, テキスト, 文学部専門教育科目, 第3類, , アメリカ文学研究Ⅰ, アメリカ文学研究Ⅰ, Ⅳ①, 7, D, 2, WEB可
18898, テキスト, 文学部専門教育科目, 第3類, , アメリカ文学研究Ⅱ, アメリカ文学研究Ⅱ, Ⅳ①, 7, F, 2, WEB可
18899, テキスト, 文学部専門教育科目, 第3類, , シェイクスピア研究, シェイクスピア研究, Ⅳ①, 7, C, 2, WEB可
18901, テキスト, 文学部専門教育科目, 第3類, , 近代ドイツ小説, 近代ドイツ小説, Ⅲ②, 6, F, 2, WEB可
18900, テキスト, 文学部専門教育科目, 第3類, , 日米比較文化論（総論）, 日米比較文化論（総論）, Ⅲ②, 6, D, 2, WEB可
18902, テキスト, 文学部専門教育科目, 第3類, , 近代ドイツ演劇, 近代ドイツ演劇, Ⅳ①, 7, D, 2, WEB可
18903, テキスト, 文学部専門教育科目, 第3類, , フランス文学概説, フランス文学概説, Ⅱ, 3, A, 3, WEB可
18904, テキスト, 文学部専門教育科目, 第3類, , フランス文学史Ⅰ, フランス文学史Ⅰ, Ⅱ, 3, B, 4, WEB可
18905, テキスト, 文学部専門教育科目, 第3類, , フランス文学史Ⅱ, フランス文学史Ⅱ, Ⅲ①, 5, F, 4, WEB可
18906, テキスト, 文学部専門教育科目, 第3類, , ロシア文学, ロシア文学, Ⅲ②, 6, F, 2, 郵送
18907, テキスト, 文学部専門教育科目, 第3類, , ラテン文学, ラテン文学, Ⅳ②, 8, F, 2, WEB可
18908, テキスト, 経済学部専門教育科目, 第1類, ◆, 経済原論（ミクロ経済学）（Ｅ）, 経済原論（ミクロ経済学）（Ｅ）, Ⅱ, 3, A, 2, WEB可
18909, テキスト, 経済学部専門教育科目, 第1類, ◆, 経済原論（マクロ経済学）（Ｅ）, 経済原論（マクロ経済学）（Ｅ）, Ⅱ, 3, B, 2, WEB可
18915, テキスト, 経済学部専門教育科目, 第2類, ◆, 経済史, 経済史, Ⅱ, 3, C, 4, WEB可
18919, テキスト, 経済学部専門教育科目, 第3類, ◆, 経済政策学（Ｅ）, 経済政策学（Ｅ）, Ⅲ①, 5, E, 2, WEB可
18920, テキスト, 経済学部専門教育科目, 第3類, ◆, 財政論（Ｅ）, 財政論（Ｅ）, Ⅱ, 3, B, 2, WEB可
18921, テキスト, 経済学部専門教育科目, 第3類, ◆, 金融論（Ｅ）, 金融論（Ｅ）, Ⅱ, 3, F, 2, WEB可
18929, テキスト, 経済学部専門教育科目, 第6類, ◆, 経営学（Ｅ）, 経営学（Ｅ）, Ⅲ①, 5, F, 3, WEB可
18913, テキスト, 経済学部専門教育科目, 第1類, , マクロ経済学中級, マクロ経済学中級, Ⅲ②, 6, D, 4, WEB可
18910, テキスト, 経済学部専門教育科目, 第1類, , 国民所得論, 国民所得論, Ⅲ①, 5, D, 2, WEB可
18911, テキスト, 経済学部専門教育科目, 第1類, , 計量経済学, 計量経済学, Ⅳ①, 7, C, 2, WEB可
18912, テキスト, 経済学部専門教育科目, 第1類, , 情報とインセンティブの経済学, 情報とインセンティブの経済学, Ⅲ①, 5, F, 4, WEB可
18914, テキスト, 経済学部専門教育科目, 第1類, , ゲーム理論, ゲーム理論, Ⅲ①, 5, E, 3, WEB可
18916, テキスト, 経済学部専門教育科目, 第2類, , 日本経済史, 日本経済史, Ⅲ①, 5, F, 2, WEB可
18917, テキスト, 経済学部専門教育科目, 第2類, , 世界経済史, 世界経済史, Ⅲ②, 6, D, 4, WEB可
18918, テキスト, 経済学部専門教育科目, 第2類, , 社会思想史, 社会思想史, Ⅳ①, 7, F, 4, WEB可
18922, テキスト, 経済学部専門教育科目, 第3類, , 社会政策（Ｅ）, 社会政策（Ｅ）, Ⅲ②, 6, B, 2, WEB可
18924, テキスト, 経済学部専門教育科目, 第3類, , 社会保障論（Ｅ）, 社会保障論（Ｅ）, Ⅲ②, 6, B, 2, WEB可
18923, テキスト, 経済学部専門教育科目, 第4類, , 新・国際貿易論, 国際貿易論, Ⅳ①, 7, B, 4, WEB可
18927, テキスト, 経済学部専門教育科目, 第4類, , 人文地理学（Ｅ）, 人文地理学（Ｅ）, Ⅱ, 3, D, 2, WEB可
18925, テキスト, 経済学部専門教育科目, 第4類, , 地理学Ⅰ（Ｅ）, 地理学Ⅰ（Ｅ）, Ⅲ①, 5, C, 2, WEB可
18926, テキスト, 経済学部専門教育科目, 第4類, , 地理学Ⅱ（Ｅ）, 地理学Ⅱ（Ｅ）, Ⅲ②, 6, E, 2, WEB可
18928, テキスト, 経済学部専門教育科目, 第4類, , 都市社会学（Ｅ）, 都市社会学（Ｅ）, Ⅳ①, 7, E, 2, WEB可
18930, テキスト, 経済学部専門教育科目, 第6類, , 経営分析論, 経営分析論, Ⅲ②, 6, A, 2, WEB可
18931, テキスト, 経済学部専門教育科目, 第6類, , 経営数学, 経営数学, Ⅲ②, 6, F, 2, WEB可
18932, テキスト, 経済学部専門教育科目, 第6類, , 商業学, 商業学, Ⅲ①, 5, D, 2, WEB可
18933, テキスト, 経済学部専門教育科目, 第6類, , 保険学, 保険学, Ⅳ②, 8, A, 3, WEB可
18934, テキスト, 経済学部専門教育科目, 第6類, , 会計学（Ｅ）, 会計学（Ｅ）, Ⅲ①, 5, E, 3, 郵送
18935, テキスト, 経済学部専門教育科目, 第6類, , 新・簿記論, 簿記論, Ⅱ, 3, A, 2, 手書き
18937, テキスト, 経済学部専門教育科目, 第6類, , 原価計算, 原価計算, Ⅲ②, 6, C, 2, WEB可
18936, テキスト, 経済学部専門教育科目, 第6類, , 会計監査, 会計監査, Ⅳ②, 8, F, 2, 郵送
18938, テキスト, 経済学部専門教育科目, 第6類, , 管理会計論, 管理会計論, Ⅲ①, 5, B, 2, WEB可
18939, テキスト, 経済学部専門教育科目, 第7類, , 法学概論（E), 法学概論（E), Ⅱ, 3, D, 2, 郵送
18940, テキスト, 経済学部専門教育科目, 第7類, , 憲法（Ｅ）, 憲法（Ｅ）, Ⅲ①, 5, A, 2, WEB可
18941, テキスト, 経済学部専門教育科目, 第7類, , 民法, 民法, Ⅲ①, 5, D, 4, WEB可
18942, テキスト, 経済学部専門教育科目, 第7類, , 労働法（Ｅ）, 労働法（Ｅ）, Ⅳ②, 8, A, 2, WEB可
18943, テキスト, 経済学部専門教育科目, 第7類, , 経済法（Ｅ）, 経済法（Ｅ）, Ⅳ②, 8, C, 2, WEB可
18944, テキスト, 経済学部専門教育科目, 第7類, , 会社法（Ｅ）, 会社法（Ｅ）, Ⅳ②, 8, A, 4, WEB可
18945, テキスト, 法学部専門教育科目, 甲◆, 乙◆, 憲法（Ｊ）, 憲法（Ｊ）, Ⅱ, 3, C, 4, WEB可
18946, テキスト, 法学部専門教育科目, 甲◆, , 民法総論, 民法総論, Ⅱ, 3, D, 3, WEB可
18947, テキスト, 法学部専門教育科目, 甲◆, , 刑法総論, 刑法総論, Ⅲ②, 6, B, 3, WEB可
18948, テキスト, 法学部専門教育科目, 甲□, , 法哲学, 法哲学, Ⅳ①, 7, B, 2, WEB可
18949, テキスト, 法学部専門教育科目, 甲□, , 日本法制史, 日本法制史, Ⅲ①, 5, E, 4, 郵送
18950, テキスト, 法学部専門教育科目, 甲□, , 西洋法制史, 西洋法制史, Ⅲ①, 5, D, 4, 郵送
18951, テキスト, 法学部専門教育科目, 甲□, 乙□, 新・国際法Ⅰ, 国際法Ⅰ, Ⅲ②, 6, E, 4, WEB可
18952, テキスト, 法学部専門教育科目, 甲□, 乙□, 新・国際法Ⅱ, 国際法Ⅱ, Ⅲ②, 6, E, 2, WEB可
18953, テキスト, 法学部専門教育科目, 甲□, , 行政法, 行政法, Ⅳ①, 7, F, 4, WEB可
18954, テキスト, 法学部専門教育科目, 甲□, 乙□, 物権法, 物権法, Ⅲ①, 5, F, 3, WEB可
18955, テキスト, 法学部専門教育科目, 甲□, 乙□, 債権総論, 債権総論, Ⅱ, 3, A, 3, WEB可
18956, テキスト, 法学部専門教育科目, 甲□, , 債権各論, 債権各論, Ⅲ①, 5, D, 3, WEB可
18957, テキスト, 法学部専門教育科目, 甲□, , 親族法, 親族法, Ⅳ①, 7, C, 1, WEB可
18958, テキスト, 法学部専門教育科目, 甲□, , 相続法, 相続法, Ⅳ①, 7, A, 1, WEB可
18959, テキスト, 法学部専門教育科目, 甲□, , 会社法（Ｊ）, 会社法（Ｊ）, Ⅲ②, 6, A, 4, WEB可
18960, テキスト, 法学部専門教育科目, 甲□, , 商法総則・商行為法, 商法総則・商行為法, Ⅲ①, 5, B, 2, WEB可
18961, テキスト, 法学部専門教育科目, 甲□, , 保険法・海商法, 保険法・海商法, Ⅳ①, 7, C, 3, WEB可
18962, テキスト, 法学部専門教育科目, 甲□, , 新・手形法, 手形法, Ⅳ②, 8, D, 2, WEB可
18963, テキスト, 法学部専門教育科目, 甲□, , 刑事政策学, 刑事政策学, Ⅲ②, 6, C, 2, WEB可
18964, テキスト, 法学部専門教育科目, 甲□, , 刑法各論, 刑法各論, Ⅲ①, 5, F, 4, WEB可
18965, テキスト, 法学部専門教育科目, 甲□, , 民事訴訟法, 民事訴訟法, Ⅳ①, 7, D, 4, WEB可
18966, テキスト, 法学部専門教育科目, 甲□, , 倒産法, 倒産法, Ⅳ①, 7, E, 2, WEB可
18967, テキスト, 法学部専門教育科目, 甲□, , 刑事訴訟法, 刑事訴訟法, Ⅳ②, 8, F, 4, WEB可
18968, テキスト, 法学部専門教育科目, 甲□, , 国際私法, 国際私法, Ⅳ②, 8, A, 2, 手書き
18969, テキスト, 法学部専門教育科目, 甲□, , 労働法（Ｊ）, 労働法（Ｊ）, Ⅲ①, 5, A, 2, WEB可
18970, テキスト, 法学部専門教育科目, 甲□, , 経済法（Ｊ）, 経済法（Ｊ）, Ⅳ②, 8, C, 2, WEB可
18971, テキスト, 法学部専門教育科目, 甲□, , 英米法, 英米法, Ⅲ①, 5, C, 2, 手書き
18972, テキスト, 法学部専門教育科目, , 乙◆, 政治学（Ｊ）, 政治学（Ｊ）, Ⅱ, 3, C, 6, WEB可
18973, テキスト, 法学部専門教育科目, , 乙□, 政治哲学, 政治哲学, Ⅳ②, 8, D, 2, WEB可
18974, テキスト, 法学部専門教育科目, , 乙□, 日本政治史, 日本政治史, Ⅲ①, 5, B, 2, WEB可
18975, テキスト, 法学部専門教育科目, , 乙□, ヨーロッパ政治史, ヨーロッパ政治史, Ⅳ②, 8, A, 1, WEB可
18976, テキスト, 法学部専門教育科目, , 乙□, アメリカ政治史, アメリカ政治史, Ⅲ②, 6, D, 4, WEB可
18977, テキスト, 法学部専門教育科目, , 乙□, ロシアの政治, ロシアの政治, Ⅳ②, 8, F, 2, WEB可
18978, テキスト, 法学部専門教育科目, , 乙□, 現代中国論, 現代中国論, Ⅲ②, 6, E, 2, WEB可
18979, テキスト, 法学部専門教育科目, , 乙□, 日本外交史Ⅰ, 日本外交史Ⅰ, Ⅳ①, 7, F, 4, WEB可
18980, テキスト, 法学部専門教育科目, , 乙□, 日本外交史Ⅱ, 日本外交史Ⅱ, Ⅳ①, 7, E, 4, WEB可
18981, テキスト, 法学部専門教育科目, , 乙□, 西洋外交史, 西洋外交史, Ⅲ②, 6, B, 4, WEB可
18982, テキスト, 法学部専門教育科目, , 乙□, 政治思想史, 政治思想史, Ⅲ①, 5, C, 2, WEB可
18983, テキスト, 法学部専門教育科目, , 乙□, ヨーロッパ中世政治思想, ヨーロッパ中世政治思想, Ⅲ①, 5, A, 4, WEB可
18984, テキスト, 法学部専門教育科目, , 乙□, コミュニケーション論, コミュニケーション論, Ⅲ②, 6, D, 4, WEB可
18985, テキスト, 法学部専門教育科目, , 乙□, 都市社会学（Ｊ）, 都市社会学（Ｊ）, Ⅳ①, 7, E, 2, WEB可
18986, テキスト, 法学部専門教育科目, , 乙□, 社会保障論（Ｊ）, 社会保障論（Ｊ）, Ⅲ②, 6, B, 3, WEB可
18987, テキスト, 法学部専門教育科目, , 乙□, 経済原論（ミクロ経済学）（Ｊ）, 経済原論（ミクロ経済学）（Ｊ）, Ⅳ①, 7, A, 2, WEB可
18988, テキスト, 法学部専門教育科目, , 乙□, 経済原論（マクロ経済学）（Ｊ）, 経済原論（マクロ経済学）（Ｊ）, Ⅳ①, 7, B, 2, WEB可
18989, テキスト, 法学部専門教育科目, , 乙□, 財政論（Ｊ）, 財政論（Ｊ）, Ⅳ②, 8, B, 2, WEB可
18990, テキスト, 法学部専門教育科目, , , 金融論（Ｊ）, 金融論（Ｊ）, Ⅳ②, 8, F, 2, WEB可
18991, テキスト, 法学部専門教育科目, , , 経済政策学（Ｊ）, 経済政策学（Ｊ）, Ⅳ②, 8, E, 2, WEB可
18992, テキスト, 法学部専門教育科目, , , 社会政策（Ｊ）, 社会政策（Ｊ）, Ⅳ②, 8, B, 2, WEB可
18993, テキスト, 法学部専門教育科目, , , 経営学（Ｊ）, 経営学（Ｊ）, Ⅳ②, 8, F, 3, WEB可
18994, テキスト, 法学部専門教育科目, , , 会計学（Ｊ）, 会計学（Ｊ）, Ⅳ①, 7, E, 3, 郵送
18995, テキスト, 法学部専門教育科目, , , 人文地理学（Ｊ）, 人文地理学（Ｊ）, Ⅱ, 3, D, 2, WEB可
18996, テキスト, 法学部専門教育科目, , , 地理学Ⅰ（Ｊ）, 地理学Ⅰ（Ｊ）, Ⅲ①, 5, C, 2, WEB可
18997, テキスト, 法学部専門教育科目, , , 地理学Ⅱ（Ｊ）, 地理学Ⅱ（Ｊ）, Ⅲ②, 6, E, 2, WEB可
18998, テキスト, 教職課程専門教育科目, , , 教育基礎論, 教育基礎論, , , F, 2, 郵送
19000, テキスト, 教職課程専門教育科目, , , 青年の心理, 青年の心理, , , D, 1, WEB可
19001, テキスト, 教職課程専門教育科目, , , 学校カリキュラム論, 学校カリキュラム論, , , B, 2, WEB可
19002, テキスト, 教職課程専門教育科目, , , 国語科教育法, 国語科教育法, , , A, 3, WEB可
19003, テキスト, 教職課程専門教育科目, , , 国語科教育法Ⅰ, 国語科教育法Ⅰ, , , A, 2, WEB可
19004, テキスト, 教職課程専門教育科目, , , 国語科教育法特殊Ⅰ, 国語科教育法特殊Ⅰ, , , A, 2, WEB可
19005, テキスト, 教職課程専門教育科目, , , 社会科・地理歴史科教育法, 社会科・地理歴史科教育法, , , D, 3, WEB可
19006, テキスト, 教職課程専門教育科目, , , 社会科・地理歴史科教育法Ⅰ, 社会科・地理歴史科教育法Ⅰ, , , C, 2, WEB可
19007, テキスト, 教職課程専門教育科目, , , 社会科・地理歴史科教育法特論Ⅱ, 社会科・地理歴史科教育法特論Ⅱ, , , C, 2, WEB可
19008, テキスト, 教職課程専門教育科目, , , 社会科・公民科教育法, 社会科・公民科教育法, , , E, 3, 手書き
19009, テキスト, 教職課程専門教育科目, , , 社会科・公民科教育法Ⅰ, 社会科・公民科教育法Ⅰ, , , C, 2, WEB可
19010, テキスト, 教職課程専門教育科目, , , 社会科・公民科教育法特論Ⅱ, 社会科・公民科教育法特論Ⅱ, , , C, 2, WEB可
19011, テキスト, 教職課程専門教育科目, , , 英語科教育法, 英語科教育法, , , B, 3, WEB可
19012, テキスト, 教職課程専門教育科目, , , 英語科教育法Ⅰ, 英語科教育法Ⅰ, , , B, 2, WEB可
19013, テキスト, 教職課程専門教育科目, , , 英語科教育法特殊Ⅰ, 英語科教育法特殊Ⅰ, , , B, 2, 郵送
19014, テキスト, 教職課程専門教育科目, , , 新・道徳教育論, 道徳教育論, , , E, 2, WEB可
19016, テキスト, 教職課程専門教育科目, , , 特別活動論, 特別活動論, , , F, 2, WEB可
19015, テキスト, 教職課程専門教育科目, , , 特別支援教育論, 特別支援教育論, , , F, 2, WEB可
19017, テキスト, 教職課程専門教育科目, , , 生活指導論, 生活指導論, , , A, 2, WEB可
19018, テキスト, 教職課程専門教育科目, , , 生徒指導論（進路指導を含む）, 生徒指導論（進路指導を含む）, , , A, 2, WEB可
19019, テキスト, 教職課程専門教育科目, , , 教育臨床論, 教育臨床論, , , D, 2, WEB可
19020, テキスト, 教職課程専門教育科目, , , 教育相談論, 教育相談論, , , D, 2, WEB可
19021, テキスト, 教職課程専門教育科目, , , 総合的な探究・学習論, 総合的な探究・学習論, , , E, 1, WEB可
18999, テキスト, 教職課程専門教育科目, , , 現代教師論, 現代教師論, , , B, 2, WEB可